[
  
  {
    "organization": "publiccodenet",
    "logoUrl": "https://avatars0.githubusercontent.com/u/29728125?s=200&v=4",
    "jobTitle": "Codebase steward for community",
    "jobUrl": "https://about.publiccode.net/roles/community.html",
    "locations": [
      "Amsterdam"
    ],
    "techTags": [
    ],
    "date": "2019-05-24"
  },
  {
    "organization": "publiccodenet",
    "logoUrl": "https://avatars0.githubusercontent.com/u/29728125?s=200&v=4",
    "jobTitle": "Codebase steward for quality",
    "jobUrl": "https://about.publiccode.net/roles/quality.html",
    "locations": [
      "Amsterdam"
    ],
    "techTags": [
    ],
    "date": "2019-05-21"
  },
  {
    "organization": "signal",
    "logoUrl": "https://avatars1.githubusercontent.com/u/702459?s=200&v=4",
    "jobTitle": "Android Developer",
    "jobUrl": "https://jobs.lever.co/signal/cc2a16be-b9aa-496e-ba2c-cf8ba3672267",
    "locations": [
      "remote"
    ],
    "techTags": [
      "java"
    ],
    "date": "2019-05-04"
  },
  {
    "organization": "gitlab",
    "logoUrl": "https://avatars3.githubusercontent.com/u/22105643?s=200&v=4",
    "jobTitle": "Engineering Manager, Serverless",
    "jobUrl": "https://about.gitlab.com/jobs/apply/engineering-manager-serverless-4196093002/",
    "locations": [
      "remote"
    ],
    "techTags": [
      "ruby",
      "go"
    ],
    "date": "2019-05-02"
  },
  {
    "organization": "npm",
    "logoUrl": "https://avatars0.githubusercontent.com/u/6078720?s=200&v=4",
    "jobTitle": "Open Source Engineer",
    "jobUrl": "https://www.npmjs.com/jobs/open-source-engineer",
    "locations": [
      "remote"
    ],
    "techTags": [
      "javascript"
    ],
    "date": "2019-04-30"
  },
  {
    "organization": "docker",
    "logoUrl": "https://avatars0.githubusercontent.com/u/5429470?s=200&v=4",
    "jobTitle": "Docker Core Runtime Engineer",
    "jobUrl": "https://www.docker.com/careers/listings/1262725?gh_jid=1262725",
    "locations": [
      "San Francisco",
      "Seattle",
      "South Bay",
      "Sofia, Bulgaria"
    ],
    "techTags": [
      "go",
      "c/c++"
    ],
    "date": "2019-04-30"
  },
  {
    "organization": "serverless",
    "logoUrl": "https://avatars1.githubusercontent.com/u/13742415?s=200&v=4",
    "jobTitle": "Senior Platform Engineer",
    "jobUrl": "https://jobs.lever.co/serverless/8386016f-af6d-49e3-b0b6-2ee19a416396",
    "locations": [
      "San Francisco",
      "remote"
    ],
    "techTags": [
      "javascript",
      "python",
      "scala",
      "go"
    ],
    "date": "2019-04-30"
  },
  {
    "organization": "mongodb",
    "logoUrl": "https://avatars1.githubusercontent.com/u/45120?s=200&v=4",
    "jobTitle": "MongoDB Database Server Engineer, Storage Engines (APAC)",
    "jobUrl": "https://www.mongodb.com/careers/jobs/1609135",
    "locations": [
      "Sydney"
    ],
    "techTags": [
      "c/c++",
      "javascript"
    ],
    "date": "2019-04-30"
  },
  {
    "organization": "keymetrics",
    "logoUrl": "https://avatars3.githubusercontent.com/u/7799069?s=200&v=4",
    "jobTitle": "frontend developer",
    "jobUrl": "https://pm2.io/jobs/",
    "locations": [
      "France"
    ],
    "techTags": [
      "javascript",
      "typescript"
    ],
    "date": "2019-04-30"
  },
  {
    "organization": "grafana",
    "logoUrl": "https://avatars0.githubusercontent.com/u/7195757?s=200&v=4",
    "jobTitle": "backend developer",
    "jobUrl": "https://grafana-labs.workable.com/j/DE529F0246",
    "locations": [
      "New York",
      "remote"
    ],
    "techTags": [
      "go",
      "c/c++",
      "rust"
    ],
    "date": "2019-04-30"
  },
  {
    "organization": "JetBrains",
    "logoUrl": "https://avatars0.githubusercontent.com/u/878437?s=200&v=4",
    "jobTitle": "Java Swing Developer ( Platform UI Team)",
    "jobUrl": "https://www.jetbrains.com/careers/jobs/java-swing-developer-32/",
    "locations": [
      "St. Petersburg",
      "Novosibirsk"
    ],
    "techTags": [
      "java",
      "c/c++",
      "oc"
    ],
    "date": "2019-04-30"
  },
  {
    "organization": "jenkinsci",
    "logoUrl": "https://avatars0.githubusercontent.com/u/107424?s=200&v=4",
    "jobTitle": "Software Engineer - Jenkins X",
    "jobUrl": "https://www.cloudbees.com/careers/job?gh_jid=1607580",
    "locations": [
      "remote"
    ],
    "techTags": [
      "go",
      "java",
      "c/c++",
      "javascript",
      "ruby"
    ],
    "date": "2019-04-30"
  },
  {
    "organization": "odoo",
    "logoUrl": "https://avatars0.githubusercontent.com/u/6368483?s=200&v=4",
    "jobTitle": "Python & Javascript Developer",
    "jobUrl": "https://www.odoo.com/zh_CN/jobs/detail/python-javascript-developer-1",
    "locations": [
      "Grand-Rosière"
    ],
    "techTags": [
      "python",
      "javascript"
    ],
    "date": "2019-04-30"
  },
  {
    "organization": "arduino",
    "logoUrl": "https://avatars2.githubusercontent.com/u/379109?s=200&v=4",
    "jobTitle": "Senior Firmware Engineer",
    "jobUrl": "https://www.arduino.cc/en/Careers/001-SW-Engineer",
    "locations": [
      "Turin",
      "remote"
    ],
    "techTags": [
      "c/c++"
    ],
    "date": "2019-04-30"
  },
  {
    "organization": "commaai",
    "logoUrl": "https://avatars2.githubusercontent.com/u/16128714?s=200&v=4",
    "jobTitle": "Full Stack Engineer",
    "jobUrl": "https://jobs.lever.co/comma/49979613-ba3f-42a9-aad0-64d8cfe14cce",
    "locations": [
      "San Francisco"
    ],
    "techTags": [
      "javascript",
      "python",
      "sql",
      "css",
      "html"
    ],
    "date": "2019-04-30"
  },
  {
    "organization": "arangodb",
    "logoUrl": "https://avatars1.githubusercontent.com/u/5547849?s=200&v=4",
    "jobTitle": "Senior Developer C/C++",
    "jobUrl": "https://careers.arangodb.com/p/603f783b3a3101-senior-developer-c-c",
    "locations": [
      "Germany",
      "remote"
    ],
    "techTags": [
      "c/c++"
    ],
    "date": "2019-04-30"
  },
  {
    "organization": "gradle",
    "logoUrl": "https://avatars3.githubusercontent.com/u/124156?s=200&v=4",
    "jobTitle": "Gradle Build Tool — Software Engineer",
    "jobUrl": "https://boards.greenhouse.io/gradle/jobs/85251",
    "locations": [
      "remote"
    ],
    "techTags": [
      "groovy",
      "java",
      "kotlin",
      "c++"
    ],
    "date": "2019-04-30"
  },
  {
    "organization": "hasura",
    "logoUrl": "https://avatars1.githubusercontent.com/u/13966722?s=200&v=4",
    "jobTitle": "Senior Haskell Engineer",
    "jobUrl": "https://hasura.io/careers/haskell-developer",
    "locations": [
      "Bangalore",
      "remote"
    ],
    "techTags": [
      "haskell"
    ],
    "date": "2019-04-30"
  },
  {
    "organization": "reactioncommerce",
    "logoUrl": "https://avatars1.githubusercontent.com/u/5605462?s=200&v=4",
    "jobTitle": "Lead Software Engineer - Product Engineering",
    "jobUrl": "https://boards.greenhouse.io/reactioncommerce/jobs/1565003",
    "locations": [
      "remote"
    ],
    "techTags": [
      "graphql",
      "nodejs",
      "clojure",
      "docker",
      "kubernetes"
    ],
    "date": "2019-04-30"
  },
  {
    "organization": "draios",
    "logoUrl": "https://avatars2.githubusercontent.com/u/5068817?s=200&v=4",
    "jobTitle": "VP / Chief Open Source Advocate",
    "jobUrl": "https://sysdig.com/jobs/vp-chief-open-source-advocate-1604544/",
    "locations": [
      "remote"
    ],
    "techTags": [
      "docker",
      "kubernetes"
    ],
    "date": "2019-04-30"
  },
  {
    "organization": "SaltStack",
    "logoUrl": "https://avatars2.githubusercontent.com/u/1147473?s=200&v=4",
    "jobTitle": "Senior Enterprise Software and AI Engineer",
    "jobUrl": "https://saltstack.bamboohr.com/jobs/view.php?id=132",
    "locations": [
      "Utah"
    ],
    "techTags": [
      "python",
      "sql"
    ],
    "date": "2019-04-30"
  },
  {
    "organization": "nodesource",
    "logoUrl": "https://avatars3.githubusercontent.com/u/6759417?s=200&v=4",
    "jobTitle": "Senior Software UI/Fullstack Developer",
    "jobUrl": "https://nodesource.bamboohr.com/jobs/view.php?id=33",
    "locations": [
      "San Francisco"
    ],
    "techTags": [
      "javascript",
      "nodejs",
      "css",
      "react"
    ],
    "date": "2019-04-30"
  },
  {
    "organization": "paritytech",
    "logoUrl": "https://avatars0.githubusercontent.com/u/14176906?s=200&v=4",
    "jobTitle": "Database Engine Developer",
    "jobUrl": "https://www.parity.io/jobs/#berlin-database-engine-developer",
    "locations": [
      "London",
      "Cambridge",
      "Berlin",
      "remote"
    ],
    "techTags": [
      "c/c++",
      "rust"
    ],
    "date": "2019-04-30"
  },
  {
    "organization": "bcoin-org",
    "logoUrl": "https://avatars1.githubusercontent.com/u/17676391?s=200&v=4",
    "jobTitle": "Open Source Protocol Developer (Bcoin)",
    "jobUrl": "https://angel.co/purse/jobs/90956-open-source-protocol-developer-bcoin",
    "locations": [
      "San Francisco",
      "remote"
    ],
    "techTags": [
      "nodejs",
      "blockchain"
    ],
    "date": "2019-04-30"
  },
  {
    "organization": "mapbox",
    "logoUrl": "https://avatars0.githubusercontent.com/u/600935?s=200&v=4",
    "jobTitle": "Android Engineer",
    "jobUrl": "https://boards.greenhouse.io/mapbox/jobs/1661330?gh_jid=1661330",
    "locations": [
      "Washington, D.C.",
      "San Francisco",
      "Beijing",
      "Minsk",
      "Helsinki"
    ],
    "techTags": [
      "java",
      "kotlin"
    ],
    "date": "2019-04-30"
  },
  {
    "organization": "RasaHQ",
    "logoUrl": "https://avatars0.githubusercontent.com/u/21214473?s=200&v=4",
    "jobTitle": "Senior Software Engineer",
    "jobUrl": "https://rasa-jobs.personio.de/job/101342",
    "locations": [
      "Berlin"
    ],
    "techTags": [
      "python"
    ],
    "date": "2019-04-30"
  },
  {
    "organization": "SonarSource",
    "logoUrl": "https://avatars1.githubusercontent.com/u/545988?s=200&v=4",
    "jobTitle": "Cloud Backend Developer - SonarCloud",
    "jobUrl": "",
    "locations": [
      "Geneva"
    ],
    "techTags": [
      "java",
      "sql"
    ],
    "date": "2019-04-30"
  },
  {
    "organization": "zeek",
    "logoUrl": "https://avatars2.githubusercontent.com/u/1194067?s=200&v=4",
    "jobTitle": "Linux Systems Software Engineer",
    "jobUrl": "https://corelight.com/company/careers/1609924",
    "locations": [
      "Columbus"
    ],
    "techTags": [
      "c/c++",
      "python"
    ],
    "date": "2019-04-30"
  },
  {
    "organization": "hazelcast",
    "logoUrl": "https://avatars3.githubusercontent.com/u/1453152?s=200&v=4",
    "jobTitle": "Cloud Developer",
    "jobUrl": "https://hire.withgoogle.com/public/jobs/hazelcastcom/view/P_AAAAAAEAAFNKnubKLkJjQ0",
    "locations": [
      "remote"
    ],
    "techTags": [
      "java"
    ],
    "date": "2019-04-30"
  },
  {
    "organization": "rundeck",
    "logoUrl": "https://avatars0.githubusercontent.com/u/2205640?s=200&v=4",
    "jobTitle": "Full Stack Software Engineer",
    "jobUrl": "https://www.rundeck.com/careers",
    "locations": [
      "remote",
      "California"
    ],
    "techTags": [
      "java",
      "ruby",
      "nodejs"
    ],
    "date": "2019-04-30"
  },
  {
    "organization": "confluentinc",
    "logoUrl": "https://avatars2.githubusercontent.com/u/9439498?s=200&v=4",
    "jobTitle": "Confluent Cloud Backend Engineer",
    "jobUrl": "https://jobs.lever.co/confluent/c7bebf72-12be-4d96-9762-90441e1cb9a5",
    "locations": [
      "California"
    ],
    "techTags": [
      "java",
      "go",
      "c/c++",
      "python"
    ],
    "date": "2019-04-30"
  },
  {
    "organization": "CartoDB",
    "logoUrl": "https://avatars3.githubusercontent.com/u/1799254?s=200&v=4",
    "jobTitle": "Data Engineer",
    "jobUrl": "https://hire.withgoogle.com/public/jobs/cartodbcom/view/P_AAAAAAHAACdEFqA_-clPbD",
    "locations": [
      "Madrid"
    ],
    "techTags": [
      "python",
      "sql"
    ],
    "date": "2019-04-30"
  },
  {
    "organization": "datawire",
    "logoUrl": "https://avatars3.githubusercontent.com/u/9270257?s=200&v=4",
    "jobTitle": "OSS Software Engineer, Telepresence at datawire.io",
    "jobUrl": "https://angel.co/datawire-io/jobs/339323-oss-software-engineer-telepresence",
    "locations": [
      "Boston",
      "remote"
    ],
    "techTags": [
      "kubernetes",
      "envoy",
      "docker"
    ],
    "date": "2019-04-30"
  },
  {
    "organization": "YugaByte",
    "logoUrl": "https://avatars0.githubusercontent.com/u/17074854?s=200&v=4",
    "jobTitle": "Software Engineer - Core Database",
    "jobUrl": "https://hire.withgoogle.com/public/jobs/yugabyte/view/P_AAAAAACAAADEdZKQES9Yiz",
    "locations": [
      "Sunnyvale"
    ],
    "techTags": [
      "c/c++",
      "python",
      "java"
    ],
    "date": "2019-04-30"
  },
  {
    "organization": "SeldonIO",
    "logoUrl": "https://avatars2.githubusercontent.com/u/10297834?s=200&v=4",
    "jobTitle": "Cloud Native Backend Developer",
    "jobUrl": "https://seldon.workable.com/jobs/978204",
    "locations": [
      "London"
    ],
    "techTags": [
      "go",
      "java"
    ],
    "date": "2019-04-30"
  },
  {
    "organization": "pimcore",
    "logoUrl": "https://avatars2.githubusercontent.com/u/686745?s=200&v=4",
    "jobTitle": "Software Engineer",
    "jobUrl": "https://pimcore.com/en/about/careers/software-engineer_j5974",
    "locations": [
      "Salzburg",
      "Austria"
    ],
    "techTags": [
      "php",
      "css",
      "html",
      "javascript"
    ],
    "date": "2019-04-30"
  },
  {
    "organization": "fossas",
    "logoUrl": "https://avatars0.githubusercontent.com/u/9543448?s=200&v=4",
    "jobTitle": "Software Engineer",
    "jobUrl": "https://jobs.lever.co/fossa/f4ccf8d5-00f6-41e6-94a5-61f5356ff335",
    "locations": [
      "San Francisco"
    ],
    "techTags": [
      "go",
      "nodejs",
      "kubernetes",
      "haskell",
      "scala",
      "rust"
    ],
    "date": "2019-04-30"
  },
  {
    "organization": "oroinc",
    "logoUrl": "https://avatars0.githubusercontent.com/u/4165718?s=200&v=4",
    "jobTitle": "Senior JavaScript Developer",
    "jobUrl": "https://oroinc.com/careers/dnipro-ukraine/development/job/javascript-developer",
    "locations": [
      "Dnipro"
    ],
    "techTags": [
      "javascript",
      "css",
      "html"
    ],
    "date": "2019-04-30"
  },
  {
    "organization": "getsentry",
    "logoUrl": "https://avatars3.githubusercontent.com/u/1396951?s=200&v=4",
    "jobTitle": "Senior Software Engineer - Growth",
    "jobUrl": "https://sentry.io/careers/807418/",
    "locations": [
      "San Francisco"
    ],
    "techTags": [
      "python",
      "javascript"
    ],
    "date": "2019-04-30"
  },
  {
    "organization": "slic3r",
    "logoUrl": "https://avatars0.githubusercontent.com/u/38015467?s=200&v=4",
    "jobTitle": "freelance developers",
    "jobUrl": "https://slic3r.org/blog/job-opportunities/",
    "locations": [
      "remote"
    ],
    "techTags": [
      "c/c++"
    ],
    "date": "2019-04-30"
  },
  {
    "organization": "xtuple",
    "logoUrl": "https://avatars2.githubusercontent.com/u/703922?s=200&v=4",
    "jobTitle": "Software Engineer",
    "jobUrl": "https://xtuple.com/about/careers/software-engineer",
    "locations": [
      "US"
    ],
    "techTags": [
      "c/c++",
      "sql",
      "javascript"
    ],
    "date": "2019-04-30"
  },
  {
    "organization": "DECENTfoundation",
    "logoUrl": "https://avatars1.githubusercontent.com/u/13256806?s=200&v=4",
    "jobTitle": "Cybersecurity Expert",
    "jobUrl": "https://decent.ch/career/cybersecurity-expert/",
    "locations": [
      "Bratislava"
    ],
    "techTags": [
      "c/c++",
      "php"
    ],
    "date": "2019-04-30"
  }
]