[
  {
    "organization": "t9t.io",
    "github": "t9tio",
    "officialUrl": "https://t9t.io",
    "logoUrl": "https://t9t.io/favicon.ico",
    "jobUrl": "",
    "intro": "Building transparent products",
    "majorRepos": [
      "t9tio/tomato-pie",
      "t9tio/open-source-jobs"
    ],
    "email": "timqian92@qq.com",
    "updatedAt": "2019-04-30"
  },
  {
    "organization": "npm",
    "github": "npm",
    "officialUrl": "https://www.npmjs.com/",
    "logoUrl": "https://avatars0.githubusercontent.com/u/6078720?s=200&v=4",
    "jobUrl": "https://www.npmjs.com/jobs",
    "intro": "A package manager for JavaScript",
    "majorRepos": [
      "npm/cli"
    ],
    "email": "npm@npmjs.com",
    "updatedAt": "2019-04-30"
  },
  {
    "organization": "GitLab",
    "github": "gitlab",
    "officialUrl": "https://gitlab.com",
    "logoUrl": "https://avatars3.githubusercontent.com/u/22105643?s=200&v=4",
    "jobUrl": "https://about.gitlab.com/jobs/apply/",
    "intro": "A single application for the entire software development lifecycle.",
    "majorRepos": [],
    "email": "",
    "updatedAt": "2019-04-30"
  },
  {
    "organization": "elastic",
    "github": "elastic",
    "officialUrl": "https://www.elastic.co/",
    "logoUrl": "https://avatars0.githubusercontent.com/u/6764390?s=200&v=4",
    "jobUrl": "https://www.elastic.co/about/careers/",
    "intro": "Building Open Source, Distributed, RESTful Search Engine",
    "majorRepos": [
      "elastic/elasticsearch"
    ],
    "email": "info@elastic.co",
    "updatedAt": "2019-04-30"
  },
  {
    "organization": "Docker",
    "github": "docker",
    "officialUrl": "https://www.docker.com/",
    "logoUrl": "https://avatars0.githubusercontent.com/u/5429470?s=200&v=4",
    "jobUrl": "https://www.docker.com/careers",
    "intro": "Providing a standardized packaging format for diverse applications",
    "majorRepos": [
      "docker/docker-ce"
    ],
    "email": "info@docker.com",
    "updatedAt": "2019-04-30"
  },
  {
    "organization": "Serverless",
    "github": "serverless",
    "officialUrl": "https://serverless.com",
    "logoUrl": "https://avatars1.githubusercontent.com/u/13742415?s=200&v=4",
    "jobUrl": "https://serverless.com/company/jobs/",
    "intro": "Serverless Framework",
    "majorRepos": [
      "serverless/serverless"
    ],
    "email": "hello@serverless.com",
    "updatedAt": "2019-04-30"
  },
  {
    "organization": "Keymetrics",
    "github": "keymetrics",
    "officialUrl": "https://pm2.io/",
    "logoUrl": "https://avatars3.githubusercontent.com/u/7799069?s=200&v=4",
    "jobUrl": "https://pm2.io/jobs/",
    "intro": "Node.js Production Process Manager",
    "majorRepos": [
      "Unitech/pm2"
    ],
    "email": "contact@keymetrics.io",
    "updatedAt": "2019-04-30"
  },
  {
    "organization": "Grafana Labs",
    "github": "grafana",
    "officialUrl": "https://grafana.com",
    "logoUrl": "https://avatars0.githubusercontent.com/u/7195757?s=200&v=4",
    "jobUrl": "https://grafana-labs.workable.com/",
    "intro": "The open platform for beautiful analytics and monitoring",
    "majorRepos": [
      "grafana/grafana"
    ],
    "email": " hello@grafana.com",
    "updatedAt": "2019-04-30"
  },
  {
    "organization": "PingCAP",
    "github": "pingcap",
    "officialUrl": "https://pingcap.com/",
    "logoUrl": "https://avatars3.githubusercontent.com/u/11855343?s=200&v=4",
    "jobUrl": "https://pingcap.com/recruit-cn/join/",
    "intro": "Tackling MySQL Scalability with TiDB",
    "majorRepos": [
      "pingcap/tidb"
    ],
    "email": "",
    "updatedAt": "2019-04-30"
  },
  {
    "organization": "mongodb",
    "github": "mongodb",
    "officialUrl": "http://www.mongodb.com/",
    "logoUrl": "https://avatars1.githubusercontent.com/u/45120?s=200&v=4",
    "jobUrl": "https://www.mongodb.com/careers",
    "intro": "The MongoDB Database",
    "majorRepos": [
      "mongodb/mongo"
    ],
    "email": "",
    "updatedAt": "2019-04-30"
  },
  {
    "organization": "CockroachDB",
    "github": "cockroachdb",
    "officialUrl": "https://www.cockroachlabs.com/",
    "logoUrl": "https://avatars3.githubusercontent.com/u/6748139?s=200&v=4",
    "jobUrl": "https://www.cockroachlabs.com/careers/",
    "intro": "the scalable, survivable, SQL database",
    "majorRepos": [
      "cockroachdb/cockroach"
    ],
    "email": "",
    "updatedAt": "2019-04-30"
  },
  {
    "organization": "Jenkins",
    "github": "jenkinsci",
    "officialUrl": "https://jenkins.io/",
    "logoUrl": "https://avatars0.githubusercontent.com/u/107424?s=200&v=4",
    "jobUrl": "https://www.cloudbees.com/careers/",
    "intro": "Open Source Automation Server",
    "majorRepos": [
      "jenkinsci/jenkins"
    ],
    "email": "jenkinsci-users@googlegroups.com",
    "updatedAt": "2019-04-30"
  },
  {
    "organization": "JetBrains",
    "github": "JetBrains",
    "officialUrl": "https://www.jetbrains.com/",
    "logoUrl": "https://avatars0.githubusercontent.com/u/878437?s=200&v=4",
    "jobUrl": "https://www.jetbrains.com/careers/jobs/",
    "intro": "JetBrains open source projects.",
    "majorRepos": [
      "jetbrains/kotlin",
      "JetBrains/intellij-community"
    ],
    "email": "",
    "updatedAt": "2019-04-30"
  },
  {
    "organization": "Odoo",
    "github": "odoo",
    "officialUrl": "https://www.odoo.com/",
    "logoUrl": "https://avatars0.githubusercontent.com/u/6368483?s=200&v=4",
    "jobUrl": "https://www.odoo.com/jobs",
    "intro": "Open Source Apps To Grow Your Business",
    "majorRepos": [
      "odoo/odoo"
    ],
    "email": "",
    "updatedAt": "2019-04-30"
  },
  {
    "organization": "Arduino",
    "github": "arduino",
    "officialUrl": "https://www.arduino.cc/",
    "logoUrl": "https://avatars2.githubusercontent.com/u/379109?s=200&v=4",
    "jobUrl": "https://www.arduino.cc/en/Careers/Home",
    "intro": "open-source electronics prototyping platform",
    "majorRepos": [
      "arduino/Arduino"
    ],
    "email": "",
    "updatedAt": "2019-04-30"
  },
  {
    "organization": "Signal",
    "github": "signalapp",
    "officialUrl": "https://signal.org/",
    "logoUrl": "https://avatars1.githubusercontent.com/u/702459?s=200&v=4",
    "jobUrl": "https://jobs.lever.co/signal",
    "intro": "Privacy that fits in your pocket.",
    "majorRepos": [
      "signalapp/Signal-Android"
    ],
    "email": "Workwithus@signal.org",
    "updatedAt": "2019-05-04"
  },
  {
    "organization": "comma.ai",
    "github": "commaai",
    "officialUrl": "https://comma.ai/",
    "logoUrl": "https://avatars2.githubusercontent.com/u/16128714?s=200&v=4",
    "jobUrl": "https://comma.ai/jobs",
    "intro": "Open source driving agent",
    "majorRepos": [
      "commaai/openpilot"
    ],
    "email": "",
    "updatedAt": "2019-04-30"
  },
  {
    "organization": "saltstack",
    "github": "SaltStack",
    "officialUrl": "http://saltstack.com",
    "logoUrl": "https://avatars2.githubusercontent.com/u/1147473?s=200&v=4",
    "jobUrl": "https://www.saltstack.com/company/careers/",
    "intro": "Make software for complex systems management at scale",
    "majorRepos": [
      "saltstack/salt"
    ],
    "email": "",
    "updatedAt": "2019-04-30"
  },
  {
    "organization": "Dgraph",
    "github": "dgraph-io",
    "officialUrl": "https://dgraph.io/",
    "logoUrl": "https://avatars1.githubusercontent.com/u/13958706?s=200&v=4",
    "jobUrl": "https://dgraph.io/career",
    "intro": "Scalable, Distributed, Low Latency Graph Database",
    "majorRepos": [
      "dgraph-io/dgraph"
    ],
    "email": "contact@dgraph.io",
    "updatedAt": "2019-04-30"
  },
  {
    "organization": "Gradle",
    "github": "gradle",
    "officialUrl": " https://gradle.org",
    "logoUrl": "https://avatars3.githubusercontent.com/u/124156?s=200&v=4",
    "jobUrl": "https://gradle.com/careers/",
    "intro": "Adaptable, fast automation for all",
    "majorRepos": [
      "gradle/gradle"
    ],
    "email": "",
    "updatedAt": "2019-04-30"
  },
  {
    "organization": "Reaction Commerce",
    "github": "reactioncommerce",
    "officialUrl": "https://reactioncommerce.com/",
    "logoUrl": "https://avatars1.githubusercontent.com/u/5605462?s=200&v=4",
    "jobUrl": "https://www.reactioncommerce.com/careers",
    "intro": "Customizable, real-time reactive, JavaScript commerce platform",
    "majorRepos": [
      "reactioncommerce/reaction"
    ],
    "email": "hello@reactioncommerce.com",
    "updatedAt": "2019-04-30"
  },
  {
    "organization": "ArangoDB",
    "github": "arangodb",
    "officialUrl": "https://www.arangodb.com/",
    "logoUrl": "https://avatars1.githubusercontent.com/u/5547849?s=200&v=4",
    "jobUrl": "https://www.arangodb.com/jobs/",
    "intro": "A native multi-model database",
    "majorRepos": [
      "arangodb/arangodb"
    ],
    "email": "hackers@arangodb.com",
    "updatedAt": "2019-04-30"
  },
  {
    "organization": "Hasura",
    "github": "hasura",
    "officialUrl": "https://hasura.io/",
    "logoUrl": "https://avatars1.githubusercontent.com/u/13966722?s=200&v=4",
    "jobUrl": "https://hasura.io/careers",
    "intro": "Instant Realtime GraphQL on Postgres",
    "majorRepos": [
      "hasura/graphql-engine"
    ],
    "email": "build@hasura.io",
    "updatedAt": "2019-04-30"
  },
  {
    "organization": "Sysdig",
    "github": "draios",
    "officialUrl": "http://www.sysdig.org/",
    "logoUrl": "https://avatars2.githubusercontent.com/u/5068817?s=200&v=4",
    "jobUrl": "https://sysdig.com/jobs/",
    "intro": "Sysdig - Open Source Linux Troubleshooting",
    "majorRepos": [
      "draios/sysdig"
    ],
    "email": "info@sysdig.com",
    "updatedAt": "2019-04-30"
  },
  {
    "organization": "NodeSource",
    "github": "nodesource",
    "officialUrl": "https://nodesource.com/",
    "logoUrl": "https://avatars3.githubusercontent.com/u/6759417?s=200&v=4",
    "jobUrl": "https://nodesource.com/careers",
    "intro": "Low-impact monitoring for mission-critical Node.js applications",
    "majorRepos": [
      "nodesource/distributions"
    ],
    "email": "info@nodesource.com",
    "updatedAt": "2019-04-30"
  },
  {
    "organization": "Parity",
    "github": "paritytech",
    "officialUrl": "http://paritytech.io/",
    "logoUrl": "https://avatars0.githubusercontent.com/u/14176906?s=200&v=4",
    "jobUrl": "https://www.parity.io/jobs",
    "intro": "Solutions for a trust-free world",
    "majorRepos": [
      "paritytech/parity-ethereum",
      "paritytech/substrate"
    ],
    "email": "admin@parity.io",
    "updatedAt": "2019-04-30"
  },
  {
    "organization": "Rasa",
    "github": "RasaHQ",
    "officialUrl": "https://rasa.com/",
    "logoUrl": "https://avatars0.githubusercontent.com/u/21214473?s=200&v=4",
    "jobUrl": "https://rasa-jobs.personio.de/",
    "intro": "Natural language understanding",
    "majorRepos": [
      "RasaHQ/rasa_nlu"
    ],
    "email": "hi@rasa.com",
    "updatedAt": "2019-04-30"
  },
  {
    "organization": "Mapbox",
    "github": "mapbox",
    "officialUrl": "https://www.mapbox.com/",
    "logoUrl": "https://avatars0.githubusercontent.com/u/600935?s=200&v=4",
    "jobUrl": "https://www.mapbox.com/careers/",
    "intro": "JavaScript library for interactive, customizable vector maps on the web",
    "majorRepos": [
      "mapbox/mapbox-gl-js"
    ],
    "email": "",
    "updatedAt": "2019-04-30"
  },
  {
    "organization": "PrestaShop",
    "github": "PrestaShop",
    "officialUrl": "http://www.prestashop.com/",
    "logoUrl": "https://avatars1.githubusercontent.com/u/2815696?s=200&v=4",
    "jobUrl": "http://www.jobs.net/jobs/prestashop/en-gb/",
    "intro": "A fully scalable open source ecommerce solution",
    "majorRepos": [
      "PrestaShop/PrestaShop"
    ],
    "email": "",
    "updatedAt": "2019-04-30"
  },
  {
    "organization": "SonarSource",
    "github": "SonarSource",
    "officialUrl": "https://www.sonarsource.com/",
    "logoUrl": "https://avatars1.githubusercontent.com/u/545988?s=200&v=4",
    "jobUrl": "http://sonarsource.com/company/jobs/",
    "intro": "The leading Open Source product for continuous code quality",
    "majorRepos": [
      "SonarSource/SonarQube"
    ],
    "email": "",
    "updatedAt": "2019-04-30"
  },
  {
    "organization": "Zeek",
    "github": "zeek",
    "officialUrl": "https://www.zeek.org/",
    "logoUrl": "https://avatars2.githubusercontent.com/u/1194067?s=200&v=4",
    "jobUrl": "https://corelight.com/company/careers",
    "intro": "Zeek (formerly Bro) is a powerful network analysis framework.",
    "majorRepos": [
      "zeek/zeek"
    ],
    "email": "info@zeek.org",
    "updatedAt": "2019-04-30"
  },
  {
    "organization": "hazelcast",
    "github": "hazelcast",
    "officialUrl": "http://hazelcast.com/",
    "logoUrl": "https://avatars3.githubusercontent.com/u/1453152?s=200&v=4",
    "jobUrl": "https://hazelcast.com/company/careers/",
    "intro": "In-Memory Data Grid",
    "majorRepos": [
      "hazelcast/hazelcast"
    ],
    "email": "",
    "updatedAt": "2019-04-30"
  },
  {
    "organization": "rundeck",
    "github": "rundeck",
    "officialUrl": "https://www.rundeck.com",
    "logoUrl": "https://avatars0.githubusercontent.com/u/2205640?s=200&v=4",
    "jobUrl": "https://www.rundeck.com/careers",
    "intro": "An open source automation service",
    "majorRepos": [
      "rundeck/rundeck"
    ],
    "email": "",
    "updatedAt": "2019-04-30"
  },
  {
    "organization": "confluentinc",
    "github": "confluentinc",
    "officialUrl": "http://confluent.io/",
    "logoUrl": "https://avatars2.githubusercontent.com/u/9439498?s=200&v=4",
    "jobUrl": "https://www.confluent.io/careers/",
    "intro": "Real-time streams powered by Apache Kafka®",
    "majorRepos": [
      "confluentinc/ksql"
    ],
    "email": "contact@confluent.io",
    "updatedAt": "2019-04-30"
  },
  {
    "organization": "bcoin",
    "github": "bcoin-org",
    "officialUrl": "http://bcoin.io/",
    "logoUrl": "https://avatars1.githubusercontent.com/u/17676391?s=200&v=4",
    "jobUrl": "https://angel.co/purse/jobs/90956-open-source-protocol-developer-bcoin",
    "intro": "Javascript bitcoin library for node.js and browsers",
    "majorRepos": [
      "bcoin-org/bcoin"
    ],
    "email": "",
    "updatedAt": "2019-04-30"
  },
  {
    "organization": "CARTO",
    "github": "CartoDB",
    "officialUrl": "http://carto.com/",
    "logoUrl": "https://avatars3.githubusercontent.com/u/1799254?s=200&v=4",
    "jobUrl": "https://carto.com/careers/",
    "intro": "Location Intelligence & Data Visualization tool for the cloud",
    "majorRepos": [
      "CartoDB/cartodb"
    ],
    "email": "support@cartodb.com",
    "updatedAt": "2019-04-30"
  },
  {
    "organization": "datawire.io",
    "github": "datawire",
    "officialUrl": "http://www.datawire.io/",
    "logoUrl": "https://avatars3.githubusercontent.com/u/9270257?s=200&v=4",
    "jobUrl": "https://www.datawire.io/careers/",
    "intro": "Kubernetes-native API gateway for microservices",
    "majorRepos": [
      "datawire/ambassador"
    ],
    "email": "hello@datawire.io",
    "updatedAt": "2019-04-30"
  },
  {
    "organization": "Crate.io",
    "github": "crate",
    "officialUrl": "https://crate.io/",
    "logoUrl": "https://avatars3.githubusercontent.com/u/4048232?s=200&v=4",
    "jobUrl": "https://crate.io/jobs/",
    "intro": "Distributed SQL database",
    "majorRepos": [
      "crate/crate"
    ],
    "email": "office@crate.io",
    "updatedAt": "2019-04-30"
  },
  {
    "organization": "pimcore",
    "github": "pimcore",
    "officialUrl": "http://www.pimcore.org/",
    "logoUrl": "https://avatars2.githubusercontent.com/u/686745?s=200&v=4",
    "jobUrl": "https://pimcore.com/en/about/careers",
    "intro": "Creator of the Content & Product Management Framework Pimcore",
    "majorRepos": [
      "pimcore/pimcore"
    ],
    "email": "",
    "updatedAt": "2019-04-30"
  },
  {
    "organization": "YugaByte",
    "github": "YugaByte",
    "officialUrl": "https://www.yugabyte.com/",
    "logoUrl": "https://avatars0.githubusercontent.com/u/17074854?s=200&v=4",
    "jobUrl": "https://hire.withgoogle.com/public/jobs/yugabyte",
    "intro": " open source, high-performance SQL database for building internet-scale, globally-distributed apps.",
    "majorRepos": [
      "YugaByte/yugabyte-db"
    ],
    "email": "",
    "updatedAt": "2019-04-30"
  },
  {
    "organization": "SeldonIO",
    "github": "SeldonIO",
    "officialUrl": "https://www.seldon.io/",
    "logoUrl": "https://avatars2.githubusercontent.com/u/10297834?s=200&v=4",
    "jobUrl": "https://www.seldon.io/careers/",
    "intro": "Machine Learning Deployment for Kubernetes",
    "majorRepos": [
      "SeldonIO/seldon-core"
    ],
    "email": "hello@seldon.io",
    "updatedAt": "2019-04-30"
  },
  {
    "organization": "FOSSA",
    "github": "fossas",
    "officialUrl": "http://fossa.com/",
    "logoUrl": "https://avatars0.githubusercontent.com/u/9543448?s=200&v=4",
    "jobUrl": "https://fossa.com/careers",
    "intro": "Dependency analysis for any codebase",
    "majorRepos": [
      "fossas/fossa-cli"
    ],
    "email": "support@fossa.com",
    "updatedAt": "2019-04-30"
  },
  {
    "organization": "Oro",
    "github": "oroinc",
    "officialUrl": "https://www.oroinc.com/",
    "logoUrl": "https://avatars0.githubusercontent.com/u/4165718?s=200&v=4",
    "jobUrl": "https://oroinc.com/careers",
    "intro": "OroCRM - an open-source Customer Relationship Management application.",
    "majorRepos": [
      "oroinc/crm"
    ],
    "email": "info@oroinc.com",
    "updatedAt": "2019-04-30"
  },
  {
    "organization": "CodeCombat",
    "github": "codecombat",
    "officialUrl": "http://codecombat.com/",
    "logoUrl": "https://avatars3.githubusercontent.com/u/5795842?s=200&v=4",
    "jobUrl": "https://codecombat.com/about#careers",
    "intro": "Game for learning how to code",
    "majorRepos": [
      "codecombat/codecombat"
    ],
    "email": "team@codecombat.com",
    "updatedAt": "2019-04-30"
  },
  {
    "organization": "Sentry",
    "github": "getsentry",
    "officialUrl": "https://sentry.io/",
    "logoUrl": "https://avatars3.githubusercontent.com/u/1396951?s=200&v=4",
    "jobUrl": "https://sentry.io/careers/",
    "intro": "Cross-platform application monitoring, with a focus on error reporting",
    "majorRepos": [
      "getsentry/sentry"
    ],
    "email": "",
    "updatedAt": "2019-04-30"
  },
  {
    "organization": "Slic3r",
    "github": "slic3r",
    "officialUrl": "https://slic3r.org/",
    "logoUrl": "https://avatars0.githubusercontent.com/u/38015467?s=200&v=4",
    "jobUrl": "https://slic3r.org/blog/job-opportunities/",
    "intro": "Open Source 3D printing toolbox",
    "majorRepos": [
      "slic3r/Slic3r"
    ],
    "email": "",
    "updatedAt": "2019-04-30"
  },
  {
    "organization": "xTuple",
    "github": "xtuple",
    "officialUrl": "http://xtuple.github.io/",
    "logoUrl": "https://avatars2.githubusercontent.com/u/703922?s=200&v=4",
    "jobUrl": "https://xtuple.com/about/careers",
    "intro": "Open-source ERP and CRM software",
    "majorRepos": [
      "xtuple/xtuple"
    ],
    "email": "",
    "updatedAt": "2019-04-30"
  },
  {
    "organization": "eZ Systems",
    "github": "ezsystems",
    "officialUrl": "http://ez.no/",
    "logoUrl": "https://avatars2.githubusercontent.com/u/295311?s=200&v=4",
    "jobUrl": "https://ez.no/About-eZ/Careers",
    "intro": "Professional CMS",
    "majorRepos": [
      "ezsystems/ezplatform"
    ],
    "email": "",
    "updatedAt": "2019-04-30"
  },
  {
    "organization": "DECENTfoundation",
    "github": "DECENTfoundation",
    "officialUrl": "https://dcore.decent.ch/",
    "logoUrl": "https://avatars1.githubusercontent.com/u/13256806?s=200&v=4",
    "jobUrl": "https://decent.ch/careers/",
    "intro": "Blockchain You Can Easily Build On",
    "majorRepos": [
      "DECENTfoundation/DECENT-Network"
    ],
    "email": "",
    "updatedAt": "2019-04-30"
  },
  {
    "organization": "Foundation for Public Code",
    "github": "publiccodenet",
    "officialUrl": "https://publiccode.net/",
    "logoUrl": "https://avatars0.githubusercontent.com/u/29728125?s=200&v=4",
    "jobUrl": "https://about.publiccode.net/roles/",
    "intro": "We help public organisations develop and maintain software and policy together.",
    "majorRepos": [
      "publiccodenet/about",
      "publiccodenet/standard"
    ],
    "email": "info@publiccode.net",
    "updatedAt": "2019-05-21"
  },
  {
    "organization": "Internet Systems Consortium",
    "github": "isc-projects",
    "officialUrl": "https://www.isc.org/",
    "logoUrl": "https://avatars2.githubusercontent.com/u/3965132?s=200&v=4",
    "jobUrl": "https://about.publiccode.net/roles/",
    "intro": "Internet Systems Consortium (ISC) is a public-benefit company whose mission is to support the infrastructure of the Internet.",
    "majorRepos": [
      "https://gitlab.isc.org/isc-projects/bind9",
      "https://gitlab.isc.org/isc-projects/kea"
    ],
    "email": "info@isc.org",
    "updatedAt": "2019-06-24"
  },
  {
    "organization": " Mattermost ",
    "github": "mattermost",
    "officialUrl": "https://mattermost.com/",
    "logoUrl": "https://mattermost.com/wp-content/themes/mattermost-2021/frontend/dist/img/mattermost-logo-horizontal.svg",
    "jobUrl": "https://mattermost.com/careers/",
    "intro": "Mattermost is an open source platform for secure collaboration across the entire software development lifecycle.",
    "majorRepos": [
      "mattermost/mattermost-server",
      "mattermost/focalboard"
    ],
    "email": "info@mattermost.com",
    "updatedAt": "2022-05-29"
  }
]
